{"cameraMode":{"drawMode":0,"name":"Shaded","section":"Shading Mode"},"sceneLighting":false,"audioPlay":false,"sceneViewState":{"m_AlwaysRefresh":false,"showFog":true,"showSkybox":false,"showFlares":true,"showImageEffects":true,"showParticleSystems":true,"showVisualEffectGraphs":true,"m_FxEnabled":true},"in2DMode":false,"pivot":{"x":-1.227410912513733,"y":0.6793510317802429,"z":-1.6548714637756348},"rotation":{"x":0.1567281037569046,"y":0.29451119899749758,"z":-0.04889564961194992,"w":0.941321849822998},"size":0.15825879573822022,"orthographic":false}